Location,ID,Latitude,Longitude,River
Arroyo De La Laguna - Verona,ADLC1,37.62667,-121.88194,Arroyo De La Laguna
Santa Ana River - Prado Reservoir,ADOC1,33.89056,-117.63639,Santa Ana River
Arroyo Hondo - San Jose,AHOC1,37.46167,-121.76833,Arroyo Hondo
South Fork American River - Kyburz,AKYC1,38.76389,-120.32833,South Fork American River
Alamo Canal - Pleasanton,ALQC1,37.69444,-121.91944,Alamo Canal
Alamitos Creek - Almaden Reservoir,ALRC1,37.165,-121.8275,Alamitos Creek
Arroyo Mocho - Livermore,AMLC1,37.67687,-121.8144,Arroyo Mocho
Coyote Creek - Anderson Reservoir,ANDC1,37.16556,-121.62833,Coyote Creek
San Antonio Creek - San Antonio Reservoir,ANOC1,37.57,-121.84861,San Antonio Creek
Indian Creek - Antelope Lake,ANTC1,40.18,-120.60694,Indian Creek
Napa River - Napa,APCC1,38.36833,-122.30222,Napa River
Mad River - Arcata,ARCC1,40.90972,-124.05972,Mad River
Pajaro River - Chittenden,AROC1,36.90028,-121.59667,Pajaro River
N Fork Stanislaus River - Avery,AVYC1,38.24389,-120.29,N Fork Stanislaus River
Alameda Creek - Sunol,AWEC1,37.54056,-121.85528,Alameda Creek
Arroyo Mocho - Pleasanton,AYMC1,37.69049,-121.87329,Arroyo Mocho
Little Truckee River - Below Boca Dam,BCAC1,39.38694,-120.09444,Little Truckee River
Bear Creek - Bear Reservoir,BCKC1,37.36694,-120.21694,Bear Creek
Sacramento River - Bend Bridge,BDBC1,40.28861,-122.18556,Sacramento River
Chowchilla River - Eastman Lake,BHNC1,37.21333,-119.97,Chowchilla River
Butte Creek - Chico,BKCC1,39.72611,-121.70778,Butte Creek
Stony Creek - Black Butte Reservoir,BLBC1,39.80806,-122.32889,Stony Creek
Burns Creek - Burns Reservoir,BNCC1,37.37667,-120.275,Burns Creek
Klamath River - JC Boyle Power Plant,BOYO3,42.08472,-122.07222,Klamath River
East Walker River - Bridgeport Reservoir,BPRC1,38.32778,-119.21389,East Walker River
Salinas River - Bradley,BRDC1,35.93028,-120.86778,Salinas River
Van Duzen River - Bridgeville,BRGC1,40.47944,-123.88972,Van Duzen River
Cottonwood Creek - Barrett Lake,BRTC1,32.68056,-116.66944,Cottonwood Creek
Big Sulphur Creek - Cloverdale,BSCC1,38.82611,-122.99583,Big Sulphur Creek
Big Sur River - Big Sur,BSRC1,36.24583,-121.77222,Big Sur River
Sacramento River - Butte City,BTCC1,39.45778,-121.99306,Sacramento River
San Lorenzo River - Big Trees,BTEC1,37.04444,-122.07139,San Lorenzo River
Big Tujunga Creek - Big Tujunga Reservoir,BTJC1,34.29444,-118.18722,Big Tujunga Creek
Sprague River - Beatty,BTYO3,42.44722,-121.2375,Sprague River
Trinity River - Burnt Ranch,BURC1,40.78889,-123.43889,Trinity River
Canyon Creek - Bowman Reservoir,BWKC1,39.45028,-120.6525,Canyon Creek
Calero Creek - Calero Reservoir,CADC1,37.18333,-121.79111,Calero Creek
South Fork American River - Placerville,CBAC1,38.77111,-120.81528,South Fork American River
Llagas Creek - Chesbro Reservoir,CBRC1,37.11667,-121.69278,Llagas Creek
Santa Ynez River - Lake Cachuma,CCHC1,34.57917,-119.9775,Santa Ynez River
Russian River - Cloverdale,CDLC1,38.87944,-123.0525,Russian River
Trinity River - Trinity Lake,CEGC1,40.80139,-122.76222,Trinity River
East Fork Carson River - Markleeville,CEMC1,38.71389,-119.76389,East Fork Carson River
Bear River - Camp Far West,CFWC1,39.05028,-121.31472,Bear River
Salinas River - Chualar,CHLC1,36.55556,-121.54861,Salinas River
Sprague River - Chiloquin,CHSO3,42.58472,-121.84861,Sprague River
Cherry Creek - Cherry Lake,CHVC1,37.97472,-119.91611,Cherry Creek
Lost River - Clear Lake Reservoir,CKEC1,41.92639,-121.07528,Lost River
Sacramento River - Colusa Weir,CLAC1,39.23667,-121.99361,Sacramento River
Clear Lake - Lakeport,CLKC1,39.03906,-122.91333,Clear Lake
Calleguas Creek - CSU Channel Islands,CLLC1,34.17944,-119.03889,Calleguas Creek
Sacramento River - Moulton Weir,CLSC1,39.33833,-122.02167,Sacramento River
Sacramento River - Colusa Bridge,CLUC1,39.21417,-121.99917,Sacramento River
Coyote Creek - Milpitas - Highway 237,CMIC1,37.42222,-121.92639,Coyote Creek
Mokelumne River - Pardee Reservoir,CMPC1,38.25694,-120.84972,Mokelumne River
Humboldt River - Comus,CMSN2,40.9925,-117.31667,Humboldt River
Pit River - Canby,CNBC1,41.40611,-120.92667,Pit River
Battle Creek - Cottonwood,COTC1,40.39833,-122.14528,Battle Creek
Coyote Creek - Coyote Reservoir,COYC1,37.08861,-121.53806,Coyote Creek
Smith River - Jedediah Smith SP,CREC1,41.78944,-124.05389,Smith River
Castaic Creek - Castaic Lake,CSKC1,34.52278,-118.61195,Castaic Creek
Laguna De Santa Rosa - Cotati - Stony Point Road,CTIC1,38.35222,-122.74306,Laguna De Santa Rosa
Arroyo Hondo - Calaveras Reservoir,CVQC1,37.4925,-121.81973,Arroyo Hondo
Cottonwood Creek - Cottonwood,CWAC1,40.385,-122.23889,Cottonwood Creek
Cow Creek - Millville,CWCC1,40.50528,-122.23222,Cow Creek
Cuyama River - Buckhorn Canyon,CYBC1,35.02194,-120.2275,Cuyama River
Dry Creek - Modesto,DCMC1,37.65667,-120.92333,Dry Creek
Deer Creek - Smartsville,DCSC1,39.22444,-121.2675,Deer Creek
Deer Creek - Vina,DCVC1,40.01417,-121.94722,Deer Creek
Deep Creek - Palm Desert,DEPC1,33.63111,-116.39139,Deep Creek
North Fork Humboldt River - Devils Gate,DEVN2,41.18056,-115.49306,North Fork Humboldt River
Dry Creek - Dry Creek - Geyserville,DGYC1,38.69861,-122.95695,Dry Creek
South Fork Humboldt River - Above Dixie Creek,DIXN2,40.685,-115.8125,South Fork Humboldt River
Deer Creek - Fountain Springs,DKCC1,35.94162,-118.82287,Deer Creek
Deep Creek - Hesperia,DKHC1,34.34111,-117.2275,Deep Creek
Dry Creek - Lemoncove,DLMC1,36.4475,-119.02722,Dry Creek
Sacramento River - Delta,DLTC1,40.93972,-122.41611,Sacramento River
Dry Creek - Merle Collins Lake,DMCC1,39.3375,-121.32723,Dry Creek
Donner Creek - Donner Lake,DNRC1,39.325,-120.28139,Donner Creek
Middle Fork Eeel River - Dos Rios,DOSC1,39.70639,-123.32417,Middle Fork Eeel River
Dry Creek - Snelling,DSNC1,37.555,-120.46333,Dry Creek
Arroyo Valle - Del Valle Reservoir,DVAC1,37.61389,-121.745,Arroyo Valle
Big Grizzly Creek - Lake Davis,DVSC1,39.88389,-120.47528,Big Grizzly Creek
Elder Creek - Paskenta,EDCC1,40.02472,-122.50861,Elder Creek
North Fork Cosumnes River - El Dorado,EDOC1,38.58889,-120.84389,North Fork Cosumnes River
Castaic Creek - Elderberry Forebay,EFBC1,34.56278,-118.63277,Castaic Creek
San Diego River - El Capitan Reservoir,ELPC1,32.88222,-116.80695,San Diego River
Little Stony Creek - East Park Reservoir,EPRC1,39.35917,-122.51778,Little Stony Creek
Estrella River - Estrella,ESRC1,35.71722,-120.63917,Estrella River
East Walker River - Strosnider Ditch,EWSN2,38.81361,-119.04806,East Walker River
Merced River - Exchequer Reservoir,EXQC1,37.585,-120.26722,Merced River
Truckee River - Farad,FARC1,39.42806,-120.03306,Truckee River
Little Last Chance Creek - Frenchman Lake,FHDC1,39.89389,-120.19028,Little Last Chance Creek
Middle Fork American River - French Meadows Reservoir,FMDC1,39.11028,-120.43056,Middle Fork American River
Sacramento River - Fremont Weir,FMWC1,38.76694,-121.66694,Sacramento River
Fordyce Creek - Fordyce Lake,FOCC1,39.37889,-120.49445,Fordyce Creek
American River - Folsom Lake,FOLC1,38.7,-121.16694,American River
San Joaquin River - Millerton Lake,FRAC1,36.995,-119.69167,San Joaquin River
Littlejohns Creek - Farmington Reservoir,FRGC1,37.915,-120.935,Littlejohns Creek
Eel River - Fernbridge,FRNC1,40.61583,-124.20167,Eel River
San Diego River - Fashion Valley,FSNC1,32.765,-117.16778,San Diego River
Carson River - Fort Churchill,FTCN2,39.29167,-119.31111,Carson River
Smith River - Doctor Fine Bridge,FTDC1,41.88083,-124.13528,Smith River
Scott River - Fort Jones,FTJC1,41.64083,-123.01389,Scott River
Eel River - Fort Seward,FTSC1,40.21806,-123.63167,Eel River
Sisquoc River - Garey,GARC1,34.89389,-120.30556,Sisquoc River
Miller Creek - Gerber Reservoir,GERO3,42.20111,-121.13028,Miller Creek
Russian River - Russian River - Geyserville,GEYC1,38.71111,-122.89222,Russian River
East Fork Carson River - Gardnerville,GRDN2,38.84722,-119.70278,East Fork Carson River
Guadalupe Creek - Guadalupe Reservoir,GUAC1,37.19917,-121.87833,Guadalupe Creek
Guadalupe River - San Jose - Almaden Exprwy,GUDC1,37.28083,-121.88,Guadalupe River
Russian River - Guerneville,GUEC1,38.49944,-122.99722,Russian River
North Fork Yuba River - Goodyears Bar,GYRC1,39.525,-120.93694,North Fork Yuba River
Sacramento River - Hamilton City,HAMC1,39.75139,-121.99722,Sacramento River
Tujunga Wash - Hansen Dam,HANC1,34.26028,-118.38417,Tujunga Wash
Indian Creek - Happy Camp,HAPC1,41.83528,-123.38194,Indian Creek
San Luis Rey River - Lake Henshaw,HAWC1,33.23861,-116.76167,San Luis Rey River
Humboldt River - Battle Mountain,HBMN2,40.66667,-116.93056,Humboldt River
Bear Creek - Holsten Chimney Canyon,HCHC1,38.95556,-122.34167,Bear Creek
Russian River - Healdsburg,HEAC1,38.61333,-122.83528,Russian River
Tuolumne River - Hetch Hetchy Reservoir,HETC1,37.94778,-119.78694,Tuolumne River
Fresno River - Hensley Lake,HIDC1,37.10167,-119.88,Fresno River
Big Chico Creek - Chico,HKCC1,39.76806,-121.77694,Big Chico Creek
Yuba River - Englebright Lake,HLEC1,39.23944,-121.26667,Yuba River
Rubicon River - Hell Hole Reservoir,HLLC1,39.07167,-120.42167,Rubicon River
San Dieguito River - Lake Hodges,HODC1,33.06639,-117.10583,San Dieguito River
Trinity River - Hoopa,HOOC1,41.05,-123.6725,Trinity River
Russian River - Hopland,HOPC1,39.02667,-123.12944,Russian River
San Benito River - Hospital Rd Br Nr Hollister,HOSC1,36.81675,-121.39268,San Benito River
North Fork Cache Creek - Hough Springs,HOUC1,39.16556,-122.61889,North Fork Cache Creek
West Walker River - Hoye Bridge,HOYN2,38.72806,-119.42778,West Walker River
Merced River - Yosemite NP at Happy Isles,HPIC1,37.73167,-119.55778,Merced River
Humboldt River - Carlin,HRCN2,40.72778,-116.00833,Humboldt River
Humboldt River - Elko,HREN2,40.93611,-115.62361,Humboldt River
Humboldt River - Imlay,HRIN2,40.69167,-118.20278,Humboldt River
Huasna River - Arroyo Grande,HSAC1,35.07778,-120.37083,Huasna River
South Fork Trinity River - Hyampom,HYMC1,40.65,-123.49306,South Fork Trinity River
South Fork Silver Creek - Ice House Reservoir,ICHC1,38.82389,-120.36,South Fork Silver Creek
Indian Creek - Indian Falls,IIFC1,40.05611,-120.96194,Indian Creek
Independence Creek - Independence Lake,ILAC1,39.45194,-120.28972,Independence Creek
North Fork Cache Creek - Indian Valley Reservoir,INVC1,39.08,-122.53361,North Fork Cache Creek
Klamath River - Iron Gate,IRGC1,41.92806,-122.44306,Klamath River
Kern River - Lake Isabella,ISAC1,35.64667,-118.47889,Kern River
Middle Yuba River - Jackson Meadows Reservoir,JKRC1,39.50917,-120.55222,Middle Yuba River
South Fork Yuba River - Jones Bar,JNSC1,39.29222,-121.10361,South Fork Yuba River
Kelsey Creek - Kelseyville,KCVC1,38.9275,-122.8425,Kelsey Creek
San Lorenzo Creek - King City,KCYC1,36.26806,-121.06528,San Lorenzo Creek
Klamath River - Keno,KEOO3,42.13333,-121.96111,Klamath River
South Fork Kings River - Above Boyden Cavern,KGPC1,36.80889,-118.77805,South Fork Kings River
Kern River - Fairview Dam,KKVC1,35.94528,-118.47667,Kern River
Upper Klamath Lake - Klamath Falls,KLAO3,42.25,-121.81528,Upper Klamath Lake
Klamath River - Klamath,KLMC1,41.51111,-123.97833,Klamath River
Cajon Creek - Keenbrook,KNBC1,34.26695,-117.45917,Cajon Creek
Kern River - Kernville,KRVC1,35.75444,-118.42333,Kern River
Kaweah River - Three Rivers,KTRC1,36.44389,-118.90444,Kaweah River
East Fork Russian River - Lake Mendocino,LAMC1,39.20028,-123.18639,East Fork Russian River
Los Banos Creek - Los Banos Creek Reservoir,LBDC1,36.99361,-120.92972,Los Banos Creek
Putah Creek - Lake Berryessa,LBEC1,38.513,-122.104,Putah Creek
Lamoille Creek - Lamoille,LCLN2,40.69083,-115.47556,Lamoille Creek
South Fork Eel River - Leggett,LEGC1,39.87472,-123.71944,South Fork Eel River
Los Gatos Creek - Lake Elsman,LESC1,37.1298,-121.9296,Los Gatos Creek
Los Gatos Creek - Lexington Reservoir,LEXC1,37.20167,-121.98806,Los Gatos Creek
Los Gatos Creek - El Dorado Avenue,LGAC1,36.16694,-120.20889,Los Gatos Creek
Los Gatos Creek - Coalinga,LGCC1,36.21472,-120.46972,Los Gatos Creek
Santa Clara River - Lake Piru,LKPC1,34.46139,-118.75056,Santa Clara River
Santa Ynez River - Los Laureles Canyon,LLYC1,34.54361,-119.86389,Santa Ynez River
Gerle Creek - Loon Lake,LNLC1,38.98306,-120.32306,Gerle Creek
Eleanor Creek - Lake Eleanor,LNRC1,37.97417,-119.88,Eleanor Creek
San Lorenzo Creek - Hayward,LRZC1,37.68556,-122.06333,San Lorenzo Creek
Laguna De Santa Rosa - Sebastopol,LSEC1,38.42556,-122.82806,Laguna De Santa Rosa
Little Dry Creek - Friant,LTDC1,36.93444,-119.73,Little Dry Creek
San Antonio River - Lockwood,LWDC1,35.89667,-121.08722,San Antonio River
Steamboat Creek - Little Washoe Lake,LWON2,39.3317,-119.8,Steamboat Creek
Martin Creek - Paradise Valley,MARN2,41.53333,-117.42778,Martin Creek
Walker River - Mason - Snyder Lane,MASN2,38.91972,-119.18889,Walker River
Mojave River - Barstow,MBRC1,34.90694,-117.02194,Mojave River
Cosumnes River - McConnell,MCNC1,38.3578,-121.34374,Cosumnes River
McDermitt Creek - McDermitt,MDCN2,41.96667,-117.83083,McDermitt Creek
Tuolumne River - Modesto,MDSC1,37.62722,-120.98639,Tuolumne River
Bear Creek - McKee Road,MEEC1,37.30889,-120.44389,Bear Creek
Middle Fork American River - Foresthill,MFAC1,39.00611,-120.75972,Middle Fork American River
Middle Fork American River - Above Middle Fork Powerhouse,MFPC1,39.02528,-120.59444,Middle Fork American River
Middle Fork Feather River - Portola,MFTC1,39.81917,-120.44389,Middle Fork Feather River
Cosumnes River - Michigan Bar,MHBC1,38.50028,-121.04417,Cosumnes River
Marys River - Above Hot Springs Creek,MHSN2,41.25278,-115.25556,Marys River
Central Valley - Water Resources Index,MLIC0,38.04278,-121.92,Central Valley
Mill Creek - Los Molinos,MLMC1,40.05472,-122.02306,Mill Creek
Mill Creek - Piedra,MLPC1,36.81861,-119.34083,Mill Creek
McCloud River - McCloud,MMCC1,41.18833,-122.06444,McCloud River
Mariposa Creek - Mariposa Reservoir,MPAC1,37.29194,-120.14694,Mariposa Creek
Alameda Creek - Above Diversion Dam,MPTC1,37.4975,-121.7725,Alameda Creek
Middle Fork Feather River - Merrimac,MRMC1,39.70833,-121.26944,Middle Fork Feather River
South Fork Eel River - Miranda,MRNC1,40.18222,-123.775,South Fork Eel River
Yuba River - Marysville,MRYC1,39.17583,-121.52389,Yuba River
Mormon Slough - Bellota,MSGC1,38.05,-121.01417,Mormon Slough
McCloud River - Above Shasta Lake,MSSC1,40.95833,-122.21833,McCloud River
Martis Creek - Martis Creek Lake,MTSC1,39.32722,-120.11333,Martis Creek
Middle Creek - Upper Lake,MUPC1,39.18278,-122.91083,Middle Creek
Murrieta Creek - Temecula,MUTC1,33.47972,-117.14306,Murrieta Creek
Mojave River - Mojave River Forks Reservoir,MVDC1,34.3425,-117.235,Mojave River
Mojave River - Victorville,MVVC1,34.57306,-117.31972,Mojave River
Mark West Creek - Mirabel Heights,MWEC1,38.49417,-122.85222,Mark West Creek
Santa Ana River - Muni Water Dist Crossing,MWXC1,33.96861,-117.4475,Santa Ana River
Nacimiento River - Lake Nacimiento,NACC1,35.75583,-120.89111,Nacimiento River
North Fork Yuba River - New Bullards Bar Reservoir,NBBC1,39.39278,-121.14028,North Fork Yuba River
Nacimiento River - Sapaque,NBYC1,35.78861,-121.09278,Nacimiento River
Feather River - Nicolaus,NCOC1,38.89111,-121.60389,Feather River
Tuolumne River - Don Pedro Lake,NDPC1,37.70167,-120.42111,Tuolumne River
N Fork Stanislaus River - Diversion Dam,NDVC1,38.43833,-120.01667,N Fork Stanislaus River
North Fork American River - North Fork Dam,NFDC1,38.93611,-121.02278,North Fork American River
North Fork Feather River - East Branch,NFEC1,40.01111,-121.21694,North Fork Feather River
Calaveras River - New Hogan Lake,NHGC1,38.155,-120.81389,Calaveras River
Alameda Creek - Niles,NILC1,37.58722,-121.95972,Alameda Creek
NF of MF American River - Foresthill,NMFC1,39.02417,-120.7175,NF of MF American River
Stanislaus River - New Melones Lake,NMSC1,37.95,-120.53694,Stanislaus River
Santa Ynez River - Narrows,NRWC1,34.63722,-120.42444,Santa Ynez River
Highland Creek - New Spicer Meadows Reservoir,NSWC1,38.39306,-119.99806,Highland Creek
Navarro River - Navarro,NVRC1,39.17222,-123.66833,Navarro River
San Joaquin River - San Joaquin River - Newman,NWMC1,37.35056,-120.97611,San Joaquin River
Stanislaus River - Orange Blossom,OBBC1,37.78824,-120.7625,Stanislaus River
Klamath River - Orleans,ONSC1,41.30346,-123.5345,Klamath River
Feather River - Lake Oroville,ORDC1,39.53306,-121.51694,Feather River
Orestimba Creek - Orestimba Creek - Newman,OREC1,37.31556,-121.12417,Orestimba Creek
Sacramento River - Ord Ferry,ORFC1,39.62778,-121.99139,Sacramento River
Redwood Creek - Orick,ORIC1,41.29944,-124.05,Redwood Creek
Deer Creek - Scott Road,OTTC1,38.55139,-121.10973,Deer Creek
Middle Fork Yuba River - Below Our House Dam,OURC1,39.41167,-120.99694,Middle Fork Yuba River
Owens Creek - Owens Reservoir,OWCC1,37.31528,-120.18694,Owens Creek
Humboldt River - Palisade,PALN2,40.60722,-116.20194,Humboldt River
San Joaquin River - Patterson,PATC1,37.49389,-121.08111,San Joaquin River
Putah Creek - Guenoc,PCGC1,38.77889,-122.51639,Putah Creek
Palm Canyon Creek - Palm Springs 5S,PCNC1,33.745,-116.53472,Palm Canyon Creek
Kings River - Pine Flat Lake,PFTC1,36.83194,-119.32361,Kings River
Pacheco Creek - Dunneville,PHOC1,36.98,-121.37917,Pacheco Creek
San Benito River - Willow Creek,PIIC1,36.60944,-121.20194,San Benito River
Pit River - Montgomery Creek,PITC1,40.84389,-122.00139,Pit River
Eel River - Lake Pillsbury,PLBC1,39.40833,-122.95834,Eel River
North Fork Feather River - Prattville,PLLC1,40.20917,-121.15694,North Fork Feather River
South Fork Pit River - Likely,PLYC1,41.23083,-120.43611,South Fork Pit River
Panoche Creek - Interstate 5,PNEC1,36.6525,-120.63111,Panoche Creek
Merced River - Yosemite NP at Pohono Bridge,POHC1,37.71694,-119.66528,Merced River
Salinas River - Paso Robles,PRBC1,35.62778,-120.68556,Salinas River
Prosser Creek - Prosser Creek Reservoir,PSRC1,39.37944,-120.13667,Prosser Creek
Del Puerto Creek - Patterson,PTTC1,37.48667,-121.20806,Del Puerto Creek
Piru Creek - Pyramid Lake,PYMC1,34.64472,-118.76305,Piru Creek
Rockbound Tunnel - Rubicon Reservoir,RBBC1,38.98778,-120.22472,Rockbound Tunnel
Sacramento River - Red Bluff,RDBC1,40.15389,-122.20083,Sacramento River
Clear Creek - Igo,RDGC1,40.51333,-122.52306,Clear Creek
Carmel River - Robles Del Rio,RDRC1,36.47444,-121.72778,Carmel River
Russian River - Hacienda Bridge,RIOC1,38.50861,-122.92667,Russian River
Stanislaus River - Ripon,RIPC1,37.72972,-121.10944,Stanislaus River
Maacama Creek - Kellogg,RMKC1,38.64111,-122.76278,Maacama Creek
Cache Creek - Rumsey,RMSC1,38.89,-122.23806,Cache Creek
Rock Creek - Battle Mountain,ROCN2,40.825,-116.58333,Rock Creek
Bear River - Rollins Lake,ROLC1,39.13556,-120.94917,Bear River
Russian River - Highway 1 Bridge near Jenner,RROC1,38.43389,-123.10083,Russian River
Rubicon River - Foresthill,RUFC1,39.00028,-120.72306,Rubicon River
Sacramento Valley - Water Resources Index,SACC0,38.4542,-121.4983,Sacramento Valley
Sacramento River - Sacramento - I Street,SACC1,38.58886,-121.50528,Sacramento River
American River - Sacramento - H Street,SAMC1,38.56889,-121.4225,American River
Salmon River - Somes Bar,SBRC1,41.37778,-123.47639,Salmon River
Spanish Creek - Keddie,SCBC1,40.00306,-120.95333,Spanish Creek
Sycan River - Beatty,SCNO3,42.48611,-121.27778,Sycan River
Eel River - Scotia,SCOC1,40.49167,-124.09861,Eel River
Santa Clara River - Piru,SCPC1,34.40361,-118.73833,Santa Clara River
Steamboat Creek - Steamboat,SCRN2,39.37778,-119.7425,Steamboat Creek
Tule River - Lake Success,SCSC1,36.06111,-118.92194,Tule River
Steamboat Creek - Sparks - Cleanwater Way,SCWN2,39.51305,-119.71139,Steamboat Creek
Salinas River - Soledad,SDDC1,36.41111,-121.31833,Salinas River
Klamath River - Seiad Valley,SEIC1,41.85389,-123.23111,Klamath River
Sespe Creek - Fillmore,SESC1,34.44166,-118.92732,Sespe Creek
San Francisquito Creek - Stanford University,SFCC1,37.42333,-122.18833,San Francisquito Creek
Stony Creek - Stony Gorge Reservoir,SGEC1,39.58306,-122.53306,Stony Creek
Sagehen Creek - Truckee,SGNC1,39.43167,-120.23694,Sagehen Creek
Sacramento River - Shasta Lake,SHDC1,40.71417,-122.41611,Sacramento River
Napa River - Saint Helena,SHEC1,38.51139,-122.45472,Napa River
San Luis Rey River - Shearer Crossing,SHRC1,33.33278,-117.14972,San Luis Rey River
Scotts Creek - Lakeport,SKPC1,39.09556,-122.96,Scotts Creek
South Fork Kern River - Onyx,SKRC1,35.7375,-118.17278,South Fork Kern River
San Luis Rey River - Oceanside,SLOC1,33.21806,-117.35944,San Luis Rey River
Salsipuedes Creek - Lompoc,SLUC1,34.58861,-120.4075,Salsipuedes Creek
Santa Margarita River - Temecula,SMHC1,33.47389,-117.14139,Santa Margarita River
San Antonio River - Lake San Antonio,SNRC1,35.79667,-120.88556,San Antonio River
Arroyo Seco - Soledad,SOLC1,36.28056,-121.32167,Arroyo Seco
Middle Fork Cosumnes River - Somerset,SOSC1,38.62417,-120.70056,Middle Fork Cosumnes River
Deer Creek - Scotts Flat Reservoir,SOVC1,39.27361,-120.93111,Deer Creek
Salinas River - Spreckels,SPRC1,36.63111,-121.67139,Salinas River
Pilot Creek - Above Stumpy Meadows Reservoir,SPYC1,38.89472,-120.56722,Pilot Creek
Santa Ana River - San Bernardino - E Street,SREC1,34.065,-117.29944,Santa Ana River
Santa Ana River - Mentone,SRWC1,34.10834,-117.10059,Santa Ana River
Santa Rosa Creek - Santa Rosa,SSAC1,38.43667,-122.72361,Santa Rosa Creek
Sisquoc River - Sisquoc,SSQC1,34.83972,-120.16722,Sisquoc River
Stevens Creek - Stevens Creek Reservoir,STDC1,37.29861,-122.07611,Stevens Creek
Little Truckee River - Stampede Reservoir,STPC1,39.47056,-120.10306,Little Truckee River
Merced River - Stevinson,STVC1,37.37083,-120.92944,Merced River
Carson River - Carson City,STWN2,39.10778,-119.71222,Carson River
South Fork Yuba River - Lake Spaulding,SUAC1,39.32639,-120.64222,South Fork Yuba River
Santa Ysabel Creek - Sutherland Reservoir,SUDC1,33.11806,-116.78667,Santa Ysabel Creek
Susan River - Susanville,SUSC1,40.41306,-120.66389,Susan River
Silver Creek - Camino Reservoir,SVCC1,38.82389,-120.53833,Silver Creek
San Vicente Creek - San Vicente Reservoir,SVIC1,32.91278,-116.92416,San Vicente Creek
West Fork Mojave River - Silverwood Lake,SVWC1,34.30417,-117.31805,West Fork Mojave River
Lake Tahoe Inflow - Tahoe Basin,TAHC1,39.16778,-120.14278,Lake Tahoe Inflow
Truckee River - Below Derby Dam,TBDN2,39.58472,-119.44028,Truckee River
Trinity River - Above Coffee Creek,TCCC1,41.11139,-122.70444,Trinity River
Thomes Creek - Paskenta,TCRC1,39.88861,-122.52139,Thomes Creek
Sacramento River - Tehama Bridge,TEHC1,40.02876,-122.11798,Sacramento River
Temecula River - Aguanga,TEKC1,33.45917,-116.92278,Temecula River
Tres Pinos Creek - Tres Pinos,TESC1,36.76472,-121.29583,Tres Pinos Creek
Lake Tahoe - Tahoe City,THLC1,39.18083,-120.11833,Lake Tahoe
San Timoteo Creek - Loma Linda,TIMC1,34.06361,-117.27194,San Timoteo Creek
Sacramento River - Tisdale Weir,TISC1,39.02667,-121.82111,Sacramento River
Kaweah River - Lake Kaweah,TMDC1,36.415,-119.00194,Kaweah River
West Walker River - Topaz Lake,TOPN2,38.69306,-119.51944,West Walker River
Truckee River - Truckee,TRCC1,39.29639,-120.20444,Truckee River
Trinity River - Junction City,TRJC1,40.72861,-123.06083,Trinity River
Trinity River - Above NF Trinity R Nr Helena,TRNC1,40.76722,-123.11333,Trinity River
Truckee River - Reno,TRRN2,39.53028,-119.79472,Truckee River
Temescal Creek - Corona - Main Street,TSLC1,33.88917,-117.56194,Temescal Creek
South Fork Tule River - Reservation Boundary,TVRC1,36.02417,-118.8125,South Fork Tule River
Cuyama River - Twitchell Dam,TWDC1,34.98361,-120.32083,Cuyama River
Russian River - Ukiah 3NNE,UKAC1,39.19556,-123.19389,Russian River
Silver Creek - Union Valley Reservoir,UNVC1,38.86806,-120.44306,Silver Creek
Upper Penitencia Creek - Piedmont Road,UPCC1,37.39084,-121.8425,Upper Penitencia Creek
Uvas Creek - Uvas Reservoir,UVRC1,37.06556,-121.6875,Uvas Creek
Santa Clara River - Victoria Avenue,VCAC1,34.235,-119.21583,Santa Clara River
Truckee River - Vista,VISN2,39.52056,-119.7,Truckee River
Temecula Creek - Vail Lake,VLKC1,33.49556,-116.97583,Temecula Creek
San Joaquin Valley - Water Resources Index,VNSC0,37.78611,-121.30583,San Joaquin Valley
San Joaquin River - Vernalis,VNSC1,37.67611,-121.26528,San Joaquin River
Sacramento River - Verona,VONC1,38.78083,-121.60333,Sacramento River
Ventura River - Ventura - Foster Park,VRVC1,34.35139,-119.30639,Ventura River
Sacramento River - Vina Woodson Bridge,VWBC1,39.90889,-122.09111,Sacramento River
Truckee River - Wadsworth,WADN2,39.63222,-119.28222,Truckee River
Warthan Creek - Coalinga,WARC1,36.09806,-120.44333,Warthan Creek
West Branch Feather River - Magalia,WBGC1,39.825,-121.5675,West Branch Feather River
West Fork Mojave River - Hesperia,WFMC1,34.33889,-117.25694,West Fork Mojave River
Clear Creek - Whiskeytown Reservoir,WHSC1,40.59806,-122.53694,Clear Creek
Williamson River - Klamath Agency,WKAO3,42.74028,-121.83333,Williamson River
Sacramento River - Wilkins Slough,WLKC1,39.01,-121.82361,Sacramento River
Williamson River - Chiloquin,WMSO3,42.565,-121.87833,Williamson River
West Fork Carson River - Woodfords,WOOC1,38.76944,-119.83194,West Fork Carson River
Dry Creek - Lake Sonoma,WSDC1,38.72306,-123.01,Dry Creek
Whitewater River - Indio,WTIC1,33.73724,-116.23612,Whitewater River
West Walker River - Below Little Walker Near Coleville,WWBC1,38.37972,-119.44917,West Walker River
West Walker River - Hudson,WWHN2,38.80972,-119.22639,West Walker River
Whitewater River - Rancho Mirage,WWIC1,33.74944,-116.42194,Whitewater River
Santa Margarita River - Ysidora,YDRC1,33.31111,-117.34639,Santa Margarita River
Arroyo Valle - Lang Canyon,YLEC1,37.56139,-121.68278,Arroyo Valle
Cache Creek - Yolo,YLOC1,38.72722,-121.80611,Cache Creek
Shasta River - Yreka,YREC1,41.82306,-122.59444,Shasta River
Lytle Creek - Colton,YTLC1,34.07889,-117.30472,Lytle Creek
Feather River - Yuba City WTP,YWPC1,39.16165,-121.61242,Feather River
